<?xml version="1.0" encoding="utf-8"?>
<ModMetaData>
  <packageId>cjgunnar.HiddenEnemyBio</packageId>
  <name>Hidden Enemy Bio</name>
  <author>cjgunnar</author>
  <supportedVersions>
    <li>1.4</li>
  </supportedVersions>
  <description>Hides the Bio of enemies and prisoners until their resistance is low enough.</description>
  <modDependencies>
    <li>
      <packageId>brrainz.harmony</packageId>
      <displayName>Harmony</displayName>
      <steamWorkshopUrl>steam://url/CommunityFilePage/2009463077</steamWorkshopUrl>
      <downloadUrl>https://github.com/pardeike/HarmonyRimWorld/releases/latest</downloadUrl>
    </li>
  </modDependencies>
  <loadAfter>
    <li>brrainz.harmony</li>
    <li>ludeon.rimworld</li>
    <li>ludeon.rimworld.royalty</li>
    <li>ludeon.rimworld.ideology</li>
    <li>ludeon.rimworld.biotech</li>
  </loadAfter>
</ModMetaData>